university,city,province,ownership,soft_ranking_2025,soft_ranking_type,soft_subject_rank_2025,enrollment_2025,enrollment_count_type,data_status,ranking_source,enrollment_source,notes
重庆大学,重庆,重庆,公办,34,主榜,,1543,2025年本科普通批招生计划,已公开招生计划；非实际报到人数,https://www.shanghairanking.cn/rankings/bcur/2025,https://www.gk100.com/read_3272208.htm,未含提前批艺术类专科批等
西南大学,重庆,重庆,公办,66,主榜,,,实际新生人数未统一公开,排名已查；招生人数待官方校级数据,https://www.shanghairanking.cn/rankings/bcur/2025,https://www.cqksy.cn/,以学校最终录取和报到数据为准
重庆医科大学,重庆,重庆,公办,,医药类榜,医药类第11,,,实际新生人数未统一公开,分类名次已查；招生人数待官方校级数据,https://www.shanghairanking.cn/rankings/bcur/2025,https://www.cqksy.cn/,软科来源以分类榜为准
西南政法大学,重庆,重庆,公办,,政法类榜,政法类第3,,,实际新生人数未统一公开,分类名次已查；招生人数待官方校级数据,https://www.shanghairanking.cn/rankings/bcur/2025,https://www.cqksy.cn/,软科来源以分类榜为准
重庆邮电大学,重庆,重庆,公办,153,主榜,,2752,2025年本科普通批招生计划,已公开招生计划；非实际报到人数,https://www.shanghairanking.cn/rankings/bcur/2025,https://www.gk100.com/read_3272208.htm,未含提前批艺术类专科批等
重庆交通大学,重庆,重庆,公办,189,主榜,,2479,2025年本科普通批招生计划,已公开招生计划；非实际报到人数,https://www.shanghairanking.cn/rankings/bcur/2025,https://www.gk100.com/read_3272208.htm,未含提前批艺术类专科批等
重庆师范大学,重庆,重庆,公办,218,主榜,,3264,2025年本科普通批招生计划,已公开招生计划；非实际报到人数,https://www.shanghairanking.cn/rankings/bcur/2025,https://www.gk100.com/read_3272208.htm,未含提前批艺术类专科批等
四川外国语大学,重庆,重庆,公办,,语言类榜,语言类第9,,,实际新生人数未统一公开,分类名次已查；招生人数待官方校级数据,https://www.shanghairanking.cn/rankings/bcur/2025,https://www.cqksy.cn/,软科来源以分类榜为准
重庆工商大学,重庆,重庆,公办,,财经类榜,财经类第21,4022,2025年本科普通批招生计划,分类名次已查；计划数非实际报到人数,https://www.shanghairanking.cn/rankings/bcur/2025,https://www.gk100.com/read_3272208.htm,未含提前批艺术类专科批等
重庆理工大学,重庆,重庆,公办,244,主榜,,3962,2025年本科普通批招生计划,已公开招生计划；非实际报到人数,https://www.shanghairanking.cn/rankings/bcur/2025,https://www.gk100.com/read_3272208.htm,未含提前批艺术类专科批等
重庆科技学院,重庆,重庆,公办,286,主榜,,2905,2025年本科普通批招生计划,已公开招生计划；非实际报到人数,https://www.shanghairanking.cn/rankings/bcur/2025,https://www.gk100.com/read_3272208.htm,2025榜单使用重庆科技学院名称
重庆文理学院,重庆,重庆,公办,333,主榜,,,实际新生人数未统一公开,排名已查；招生人数待官方校级数据,https://www.shanghairanking.cn/rankings/bcur/2025,https://www.cqksy.cn/,以学校最终录取和报到数据为准
长江师范学院,重庆,重庆,公办,333,主榜,,,实际新生人数未统一公开,排名已查；招生人数待官方校级数据,https://www.shanghairanking.cn/rankings/bcur/2025,https://www.cqksy.cn/,以学校最终录取和报到数据为准
重庆三峡学院,重庆,重庆,公办,372,主榜,,2607,2025年本科普通批招生计划,已公开招生计划；非实际报到人数,https://www.shanghairanking.cn/rankings/bcur/2025,https://www.gk100.com/read_3272208.htm,未含提前批艺术类专科批等
重庆第二师范学院,重庆,重庆,公办,442,主榜,,,实际新生人数未统一公开,排名已查；招生人数待官方校级数据,https://www.shanghairanking.cn/rankings/bcur/2025,https://www.cqksy.cn/,以学校最终录取和报到数据为准
重庆警察学院,重庆,重庆,公办,,政法类榜,政法类第18,,,实际新生人数未统一公开,分类名次已查；招生人数待官方校级数据,https://www.shanghairanking.cn/rankings/bcur/2025,https://www.cqksy.cn/,软科来源以分类榜为准
四川美术学院,重庆,重庆,公办,,艺术类榜,,,,具体名次未披露,艺术类上榜；公开检索未见具体名次,https://www.shanghairanking.cn/rankings/bcur/2025,https://www.cqksy.cn/,待软科完整榜单核验
重庆人文科技学院,重庆,重庆,民办,17,民办主榜,,,,实际新生人数未统一公开,排名已查；招生人数待官方校级数据,https://www.shanghairanking.cn/rankings/bcur/2025,https://www.cqksy.cn/,民办榜名次不可与公办主榜直接比较
重庆财经学院,重庆,重庆,民办,,民办财经类榜,民办财经类第7,,,实际新生人数未统一公开,分类名次已查；招生人数待官方校级数据,https://www.shanghairanking.cn/rankings/bcur/2025,https://www.cqksy.cn/,民办分类榜名次
重庆对外经贸学院,重庆,重庆,民办,,民办财经类榜,民办财经类第20,,,实际新生人数未统一公开,分类名次已查；招生人数待官方校级数据,https://www.shanghairanking.cn/rankings/bcur/2025,https://www.cqksy.cn/,民办分类榜名次
重庆城市科技学院,重庆,重庆,民办,77,民办主榜,,,,实际新生人数未统一公开,排名已查；招生人数待官方校级数据,https://www.shanghairanking.cn/rankings/bcur/2025,https://www.cqksy.cn/,民办榜名次不可与公办主榜直接比较
重庆工程学院,重庆,重庆,民办,,民办主榜,,,,具体名次未披露,参与榜单但公开检索未见具体名次,https://www.shanghairanking.cn/rankings/bcur/2025,https://www.cqksy.cn/,待软科完整榜单核验
重庆移通学院,重庆,重庆,民办,,民办主榜,,,,具体名次未披露,参与榜单但公开检索未见具体名次,https://www.shanghairanking.cn/rankings/bcur/2025,https://www.cqksy.cn/,待软科完整榜单核验
重庆中医药学院,重庆,重庆,公办,,,,1040,2025年本科普通批招生计划,招生计划已查；软科名次未在检索摘要中确认,https://www.shanghairanking.cn/rankings/bcur/2025,https://www.gk100.com/read_3272208.htm,未含提前批艺术类专科批等
